{"critic_params":459521,"avg_reward_50ep":-4.6517333333333335,"episode_reward":-0.9466666666666665,"_step":50,"actor_params":12546,"encoder_params":30528,"_timestamp":1.7811055129752924e+09,"gpu_memory_mb":24.4462890625,"_wandb":{"runtime":1940},"episode_steps":180,"episode":49,"best_reward":-Infinity,"critic_loss":0.05195008330047131,"actor_loss":7.028456974822461e-06,"_runtime":1940,"entropy":0.69164057970047}