{"episode_reward":-105.60000000000008,"critic_loss":6.638352076212565,"avg_reward_50ep":-268.60383333333334,"episode":83,"gpu_memory_mb":23.70556640625,"_runtime":8847,"entropy":0.6590774456659952,"best_reward":-196.5411666666667,"_wandb":{"runtime":8847},"_step":83,"episode_steps":720,"actor_loss":-0.000362980063819703,"_timestamp":1.7816152267884011e+09,"entropy_coef":0.08132500000000001}