{"critic_loss":189.42008361816406,"episode":499,"best_reward":-283.08333333333326,"_runtime":15480,"gpu_memory_mb":26.36669921875,"critic_params":459521,"encoder_params":30528,"avg_reward_50ep":-522.145,"_step":179,"episode_reward":-288.91666666666674,"actor_loss":-0.0004891328183777687,"entropy":0.007170845987275243,"episode_steps":720,"_timestamp":1.7812068536759355e+09,"_wandb":{"runtime":15480},"actor_params":12546}