{"_wandb":{"runtime":2296},"critic_loss":266.15203348795575,"best_reward":-704.4382716049382,"_timestamp":1.7812659526278768e+09,"_runtime":2296,"actor_loss":-7.845397694457763e-08,"episode":29,"_step":29,"avg_reward_50ep":-706.6472222222221,"episode_steps":720,"episode_reward":-724.0833333333335,"gpu_memory_mb":23.8330078125,"entropy":0.6931463479995728}