{"episode":499,"best_reward":-96.34766666666664,"avg_reward_50ep":-137.54450000000006,"actor_loss":6.0669759586554996e-05,"episode_steps":720,"_runtime":50133,"episode_reward":-71.51666666666681,"critic_loss":0.9882891774177551,"gpu_memory_mb":23.70556640625,"entropy":0.3413918415705363,"_step":499,"_wandb":{"runtime":50133},"entropy_coef":0.02,"_timestamp":1.7817407130413508e+09}