{"actor_params":12546,"critic_loss":181.6357177734375,"_timestamp":1.781162726476795e+09,"gpu_memory_mb":26.36669921875,"avg_reward_50ep":-297.8643410852713,"critic_params":459521,"episode":323,"_runtime":3434,"entropy":0.007252121204510331,"best_reward":-295.18833333333333,"episode_steps":720,"episode_reward":-289.6666666666663,"actor_loss":-3.478129987399825e-06,"_wandb":{"runtime":3434},"_step":43,"encoder_params":30528}