{"episode_steps":720,"_wandb":{"runtime":2632},"_runtime":2632,"best_reward":-316.9578703703703,"episode":21,"avg_reward_50ep":-420.9518939393938,"_timestamp":1.7816063711606781e+09,"_step":21,"episode_reward":-116.37500000000004,"gpu_memory_mb":23.70556640625,"critic_loss":6.081262747446696,"actor_loss":-0.00022449707696969856,"entropy_coef":0.095275,"entropy":0.6882639527320862}