{"_timestamp":1.7815552663119082e+09,"actor_loss":-2.3156149689285144e-05,"entropy_coef":0.08511666666666667,"episode_steps":720,"_wandb":{"runtime":5910},"entropy":0.6570004026095072,"_runtime":5910,"critic_loss":6.056893666585286,"episode_reward":-100.8083333333334,"gpu_memory_mb":23.70556640625,"episode":47,"best_reward":-131.095,"_step":47,"avg_reward_50ep":-315.2048611111111}