{"best_reward":-97.36116666666676,"avg_reward_50ep":-166.2453333333334,"critic_loss":0.7485888004302979,"episode_reward":-58.433333333333415,"_wandb":{"runtime":53386},"episode_steps":720,"actor_loss":-0.0001233191466714819,"_step":499,"episode":499,"entropy_coef":0.01,"_timestamp":1.781668722189531e+09,"entropy":0.15250379343827566,"gpu_memory_mb":23.70556640625,"_runtime":53386}