{"episode":499,"_timestamp":1.7816016156533017e+09,"avg_reward_50ep":-137.23116666666672,"_wandb":{"runtime":46252},"entropy":0.0007760936471944054,"episode_steps":720,"best_reward":-59.40216666666668,"critic_loss":1.7916381359100342,"episode_reward":-52.47499999999994,"gpu_memory_mb":25.62841796875,"_step":458,"entropy_coef":0.005,"actor_loss":2.6490953430879927e-08,"_runtime":46252}