{"episode_steps":720,"gpu_memory_mb":26.36669921875,"_timestamp":1.7811592173252282e+09,"_wandb":{"runtime":268},"avg_reward_50ep":-333.11111111111103,"critic_loss":211.96934204101564,"actor_params":12546,"actor_loss":-0.00013519049404457916,"episode_reward":-355.0000000000003,"critic_params":459521,"entropy":0.05063247978687287,"episode":283,"encoder_params":30528,"_step":3,"_runtime":268,"best_reward":-295.18833333333333}